ts,rot,invx,invy,panx,pany,ks_h,ks_v,pin_x,pin_y,lead,opix,opix_exp,eol,starved,result,tl_x,tl_y,tr_x,tr_y,br_x,br_y,bl_x,bl_y
1782665621,0,4096,4096,0,0,0,0,-10,-10,4096,2039380,2073600,1062,36462,short,-2,0,0,0,0,0,0,0
1782665622,0,4096,4096,0,0,0,0,-10,-10,6144,2073600,2073600,1080,481,FULL,-2,0,0,0,0,0,0,0
1782665914,355,3442,3442,0,0,0,0,0,0,4096,2073600,2073600,1080,11127,FULL,-24,0,0,0,0,0,0,0
1782665919,355,3442,3442,0,0,0,0,0,0,4096,2073600,2073600,1080,11127,FULL,-38,0,0,0,0,0,0,0
1782665923,355,3442,3442,0,0,0,0,0,0,4096,2073600,2073600,1080,11127,FULL,-54,0,0,0,0,0,0,0
1782665930,355,3442,3442,0,0,0,0,0,0,4096,2073600,2073600,1080,11127,FULL,-64,0,0,0,0,0,0,0
1782665935,355,3442,3442,0,0,0,0,0,0,4096,2073600,2073600,1080,11127,FULL,-83,0,0,0,0,0,0,0
1782665941,355,3442,3442,0,0,0,0,0,0,4096,2073600,2073600,1080,11127,FULL,-94,0,0,0,0,0,0,0
1782665944,355,3442,3442,0,0,0,0,0,0,4096,2073600,2073600,1080,11127,FULL,-94,0,-14,0,0,0,0,0
1782665946,355,3442,3442,0,0,0,0,0,0,4096,2073600,2073600,1080,11127,FULL,-94,0,-31,0,0,0,0,0
1782665953,355,3442,3442,0,0,0,0,0,0,4096,2073600,2073600,1080,11127,FULL,-94,0,-67,0,0,0,0,0
1782665956,355,3442,3442,0,0,0,0,0,0,4096,2073600,2073600,1080,11127,FULL,-94,0,-87,0,0,0,0,0
1782665960,355,3442,3442,0,0,0,0,0,0,4096,2073600,2073600,1080,11127,FULL,-94,0,-87,0,-26,0,0,0
1782665965,355,3442,3442,0,0,0,0,0,0,4096,2073600,2073600,1080,11127,FULL,-94,0,-87,0,-53,0,0,0
1782665974,355,3442,3442,0,0,0,0,0,0,4096,2073600,2073600,1080,11127,FULL,-94,0,-87,0,-79,0,0,0
1782665976,355,3442,3442,0,0,0,0,0,0,4096,2073600,2073600,1080,11127,FULL,-94,0,-87,0,-93,0,0,0
1782665983,355,3442,3442,0,0,0,0,0,0,4096,2073600,2073600,1080,11127,FULL,-94,0,-87,0,-93,0,-24,0
1782665985,355,3442,3442,0,0,0,0,0,0,4096,2073600,2073600,1080,11127,FULL,-94,0,-87,0,-93,0,-59,0
1782665990,355,3442,3442,0,0,0,0,0,0,4096,2073600,2073600,1080,11127,FULL,-94,0,-87,0,-93,0,-89,0
1782665995,355,3442,3442,0,0,0,0,0,0,4096,2073600,2073600,1080,11127,FULL,-94,0,8,0,-93,0,-89,0
1782666010,355,3442,3442,0,0,0,0,0,0,4096,2073600,2073600,1080,11127,FULL,-94,0,31,0,-93,0,-89,0
1782666027,355,3442,3442,0,0,0,0,0,0,4096,2073600,2073600,1080,11127,FULL,-94,0,100,0,-93,0,94,0
1782666038,355,3442,3442,0,0,0,0,0,0,4096,2073600,2073600,1080,11127,FULL,-100,-85,100,0,-100,0,100,0
1782666447,0,3976,3976,0,0,0,0,0,0,4096,1812617,2073600,944,23528,short,-40,0,0,0,0,0,0,0
1782666447,0,3976,3976,0,0,0,0,0,0,6144,236652,2073600,123,22378,short,-40,0,0,0,0,0,0,0
1782666448,0,3976,3976,0,0,0,0,0,0,8192,1874105,2073600,976,26003,short,-40,0,0,0,0,0,0,0
1782666448,0,3976,3976,0,0,0,0,0,0,12288,236652,2073600,123,21946,short,-40,0,0,0,0,0,0,0
1782666449,0,3976,3976,0,0,0,0,0,0,16384,236652,2073600,123,20847,short,-40,0,0,0,0,0,0,0
1782666449,0,3976,3976,0,0,0,0,0,0,24576,236732,2073600,123,22063,short,-40,0,0,0,0,0,0,0
1782666454,0,3976,3976,0,0,0,0,-10,-10,4096,239301,2073600,124,19000,short,-40,0,0,0,0,0,0,0
1782666454,0,3976,3976,0,0,0,0,-10,-10,6144,2026071,2073600,1055,55943,short,-40,0,0,0,0,0,0,0
1782666455,0,3976,3976,0,0,0,0,-10,-10,8192,239236,2073600,124,16741,short,-40,0,0,0,0,0,0,0
1782666455,0,3976,3976,0,0,0,0,-10,-10,12288,2015824,2073600,1048,18093,short,-40,0,0,0,0,0,0,0
1782666456,0,3976,3976,0,0,0,0,-10,-10,16384,2023376,2073600,1053,59112,short,-40,0,0,0,0,0,0,0
1782666456,0,3976,3976,0,0,0,0,-10,-10,24576,239350,2073600,125,17450,short,-40,0,0,0,0,0,0,0
1782666653,0,3792,3792,0,0,0,0,0,0,4096,384509,2073600,200,946,short,100,-100,-100,0,99,0,96,0
1782666654,0,3792,3792,0,0,0,0,0,0,6144,2073600,2073600,1080,11127,FULL,100,-100,-100,0,99,0,96,0
1782666685,0,3792,3792,0,0,0,0,0,0,4096,2073600,2073600,1080,11127,FULL,100,-100,-100,100,99,98,96,0
1782666694,0,3792,3792,0,0,0,0,0,0,4096,2070072,2073600,1077,4217,short,100,-100,-100,-100,99,-100,96,0
1782666694,0,3792,3792,0,0,0,0,0,0,6144,2073600,2073600,1080,11127,FULL,100,-100,-100,-100,99,-100,96,0
1782666701,0,3792,3792,0,0,0,0,0,0,4096,457330,2073600,238,53151,short,100,-100,-100,-100,99,-100,96,100
1782666701,0,3792,3792,0,0,0,0,0,0,6144,2073600,2073600,1080,11127,FULL,100,-100,-100,-100,99,-100,96,100
1782666710,0,3792,3792,0,0,0,0,0,0,4096,454385,2073600,236,51867,short,100,-100,-100,-100,99,-100,96,-42
1782666711,0,3792,3792,0,0,0,0,0,0,6144,2073600,2073600,1080,11127,FULL,100,-100,-100,-100,99,-100,96,-42
1782666723,0,3792,3792,0,0,0,0,0,0,4096,2071043,2073600,1078,3585,short,100,-100,-100,-100,99,-100,96,48
1782666724,0,3792,3792,0,0,0,0,0,0,6144,2073600,2073600,1080,11127,FULL,100,-100,-100,-100,99,-100,96,48
1782666745,0,3792,3792,0,0,0,0,0,0,4096,454300,2073600,236,58128,short,100,-100,-100,-100,99,-100,-100,48
1782666745,0,3792,3792,0,0,0,0,0,0,6144,2073600,2073600,1080,11127,FULL,100,-100,-100,-100,99,-100,-100,48
1782666754,0,3792,3792,0,0,0,0,0,0,4096,454920,2073600,237,55385,short,100,-100,-100,-100,-99,-100,-100,48
1782666755,0,3792,3792,0,0,0,0,0,0,6144,2073600,2073600,1080,11127,FULL,100,-100,-100,-100,-99,-100,-100,48
1782666763,0,3792,3792,0,0,0,0,0,0,4096,2072382,2073600,1078,2103,short,100,-100,99,-100,-99,-100,-100,48
1782666764,0,3792,3792,0,0,0,0,0,0,6144,2073600,2073600,1080,11127,FULL,100,-100,99,-100,-99,-100,-100,48
1782666772,0,3792,3792,0,0,0,0,0,0,4096,2072893,2073600,1079,1343,short,100,-100,99,-100,-99,-100,100,48
1782666773,0,3792,3792,0,0,0,0,0,0,6144,2073600,2073600,1080,11127,FULL,100,-100,99,-100,-99,-100,100,48
1782666784,0,3792,3792,0,0,0,0,0,0,4096,458012,2073600,238,51955,short,100,-100,-100,-100,-99,-100,100,48
1782666784,0,3792,3792,0,0,0,0,0,0,6144,2073600,2073600,1080,11127,FULL,100,-100,-100,-100,-99,-100,100,48
1782666789,0,3792,3792,0,0,0,0,0,0,4096,2069415,2073600,1077,4827,short,-100,-100,-100,-100,-99,-100,100,48
1782666789,0,3792,3792,0,0,0,0,0,0,6144,2073229,2073600,1080,865,short,-100,-100,-100,-100,-99,-100,100,48
1782666790,0,3792,3792,0,0,0,0,0,0,8192,2073600,2073600,1080,11127,FULL,-100,-100,-100,-100,-99,-100,100,48
1782666795,0,3792,3792,0,0,0,0,0,0,4096,2069797,2073600,1077,4580,short,-100,-100,-100,-100,-99,-100,-100,48
1782666795,0,3792,3792,0,0,0,0,0,0,6144,436990,2073600,227,10578,short,-100,-100,-100,-100,-99,-100,-100,48
1782666796,0,3792,3792,0,0,0,0,0,0,8192,2073600,2073600,1080,11127,FULL,-100,-100,-100,-100,-99,-100,-100,48
1782666800,0,3792,3792,0,0,0,0,0,0,4096,439000,2073600,228,7400,short,-100,-100,-100,-100,-99,-100,100,48
1782666801,0,3792,3792,0,0,0,0,0,0,6144,438878,2073600,228,6744,short,-100,-100,-100,-100,-99,-100,100,48
1782666801,0,3792,3792,0,0,0,0,0,0,8192,2073600,2073600,1080,11127,FULL,-100,-100,-100,-100,-99,-100,100,48
1782666806,0,3792,3792,0,0,0,0,0,0,4096,438178,2073600,228,6466,short,-100,-100,-100,-100,100,-100,100,48
1782666806,0,3792,3792,0,0,0,0,0,0,6144,437931,2073600,228,8522,short,-100,-100,-100,-100,100,-100,100,48
1782666807,0,3792,3792,0,0,0,0,0,0,8192,2073600,2073600,1080,11127,FULL,-100,-100,-100,-100,100,-100,100,48
1782666812,0,3792,3792,0,0,0,0,0,0,4096,439075,2073600,228,6752,short,-100,-100,-100,-100,-100,-100,100,48
1782666812,0,3792,3792,0,0,0,0,0,0,6144,2073207,2073600,1079,873,short,-100,-100,-100,-100,-100,-100,100,48
1782666812,0,3792,3792,0,0,0,0,0,0,8192,2073600,2073600,1080,11127,FULL,-100,-100,-100,-100,-100,-100,100,48
1782666821,0,3792,3792,0,0,0,0,0,0,4096,459424,2073600,240,51360,short,-100,-100,100,-100,-100,-100,100,48
1782666822,0,3792,3792,0,0,0,0,0,0,6144,2073600,2073600,1080,11127,FULL,-100,-100,100,-100,-100,-100,100,48
